dataset,condition,split,num_rows,num_image_clusters,risk,risk_label,method,method_label,aurc,oracle_aurc,random_aurc,excess_aurc,normalized_aurc,numerical_reference,absolute_error_mean,absolute_error_median,absolute_error_p95,absolute_error_max,spearman_rho,kendall_tau_b,exact_match_fraction
duts,deeplabv3-target,test,5019,5019,risk_dice,Dice risk,confidence_sdc,SDC,0.0854817131344,0.0540545889611,0.17231298765,0.0314271241733,0.265749617124,,,,,,,,
duts,deeplabv3-target,test,5019,5019,risk_dice,Dice risk,confidence_mean_max_probability,Mean max probability,0.157516393844,0.0540545889611,0.17231298765,0.103461804883,0.874879129345,,,,,,,,
duts,deeplabv3-target,test,5019,5019,risk_dice,Dice risk,confidence_negative_entropy,Negative entropy,0.147064873248,0.0540545889611,0.17231298765,0.0930102842873,0.786500454246,,,,,,,,
duts,deeplabv3-target,test,5019,5019,risk_dice,Dice risk,confidence_dice_exact,Dice-Exact,0.0854241868785,0.0540545889611,0.17231298765,0.0313695979173,0.265263171708,,,,,,,,
duts,deeplabv3-target,test,5019,5019,risk_dice,Dice risk,confidence_qfr_entropy,QFR-Entropy,0.0862671398323,0.0540545889611,0.17231298765,0.0322125508712,0.272391231644,,,,,,,,
duts,deeplabv3-target,test,5019,5019,risk_dice,Dice risk,confidence_plm10_entropy,PLM-10/PLA-10-Entropy,0.13806411486,0.0540545889611,0.17231298765,0.0840095258986,0.710389510004,,,,,,,,
duts,deeplabv3-target,test,5019,5019,risk_dice,Dice risk,confidence_mmmc_entropy,MMMC-Entropy,0.120641840923,0.0540545889611,0.17231298765,0.0665872519616,0.563065733172,,,,,,,,
duts,deeplabv3-target,test,5019,5019,risk_dice,Dice risk,confidence_foreground_entropy,Foreground entropy,0.0801480554306,0.0540545889611,0.17231298765,0.0260934664695,0.220647892739,,,,,,,,
duts,deeplabv3-target,test,5019,5019,risk_dice,Dice risk,confidence_dice_m2,Dice-M2,0.111773223386,0.0540545889611,0.17231298765,0.0577186344247,0.488072179774,confidence_dice_exact,0.0251368803481,0.0168279812265,0.0716478412099,0.245194748044,0.97305959124,0.891944376624,0
duts,deeplabv3-target,test,5019,5019,risk_dice,Dice risk,confidence_dice_m8,Dice-M8,0.0934544362135,0.0540545889611,0.17231298765,0.0393998472523,0.333167434103,confidence_dice_exact,0.00658353445549,0.0052937007449,0.0148215336804,0.0618550777435,0.997467551193,0.966392847245,0
duts,deeplabv3-target,test,5019,5019,risk_dice,Dice risk,confidence_dice_m32,Dice-M32,0.0856752413341,0.0540545889611,0.17231298765,0.031620652373,0.267386103004,confidence_dice_exact,0.00167574141933,0.00148091144926,0.00347928878404,0.015435218811,0.999776488564,0.990049582942,0
duts,deeplabv3-target,test,5019,5019,risk_dice,Dice risk,confidence_nhd_m2,nHD-M2,0.118884089425,0.0540545889611,0.17231298765,0.0648295004643,0.548202082752,,,,,,,,
duts,deeplabv3-target,test,5019,5019,risk_dice,Dice risk,confidence_nhd_m8,nHD-M8,0.0967314156713,0.0540545889611,0.17231298765,0.0426768267101,0.360877765835,,,,,,,,
duts,deeplabv3-target,test,5019,5019,risk_dice,Dice risk,confidence_nhd_m32,nHD-M32,0.0876647790691,0.0540545889611,0.17231298765,0.033610190108,0.284209751532,,,,,,,,
duts,deeplabv3-target,test,5019,5019,risk_dice,Dice risk,confidence_nhd95_m2,nHD95-M2,0.11028638588,0.0540545889611,0.17231298765,0.0562317969193,0.475499394061,,,,,,,,
duts,deeplabv3-target,test,5019,5019,risk_dice,Dice risk,confidence_nhd95_m8,nHD95-M8,0.0909561283555,0.0540545889611,0.17231298765,0.0369015393944,0.312041595383,,,,,,,,
duts,deeplabv3-target,test,5019,5019,risk_dice,Dice risk,confidence_nhd95_m32,nHD95-M32,0.0817088224069,0.0540545889611,0.17231298765,0.0276542334458,0.233845830422,,,,,,,,
duts,deeplabv3-target,test,5019,5019,risk_nhd,Normalized penalized Hausdorff risk,confidence_sdc,SDC,0.0879273761388,0.0448006136615,0.128847701043,0.0431267624773,0.513126198909,,,,,,,,
duts,deeplabv3-target,test,5019,5019,risk_nhd,Normalized penalized Hausdorff risk,confidence_mean_max_probability,Mean max probability,0.110893597337,0.0448006136615,0.128847701043,0.066092983676,0.786380417635,,,,,,,,
duts,deeplabv3-target,test,5019,5019,risk_nhd,Normalized penalized Hausdorff risk,confidence_negative_entropy,Negative entropy,0.101880158905,0.0448006136615,0.128847701043,0.0570795452432,0.679137695565,,,,,,,,
duts,deeplabv3-target,test,5019,5019,risk_nhd,Normalized penalized Hausdorff risk,confidence_dice_exact,Dice-Exact,0.0895029214159,0.0448006136615,0.128847701043,0.0447023077544,0.531872181978,,,,,,,,
duts,deeplabv3-target,test,5019,5019,risk_nhd,Normalized penalized Hausdorff risk,confidence_qfr_entropy,QFR-Entropy,0.0896422356912,0.0448006136615,0.128847701043,0.0448416220297,0.533529756079,,,,,,,,
duts,deeplabv3-target,test,5019,5019,risk_nhd,Normalized penalized Hausdorff risk,confidence_plm10_entropy,PLM-10/PLA-10-Entropy,0.1122193165,0.0448006136615,0.128847701043,0.0674187028388,0.802153946547,,,,,,,,
duts,deeplabv3-target,test,5019,5019,risk_nhd,Normalized penalized Hausdorff risk,confidence_mmmc_entropy,MMMC-Entropy,0.0906660312854,0.0448006136615,0.128847701043,0.0458654176239,0.545710970516,,,,,,,,
duts,deeplabv3-target,test,5019,5019,risk_nhd,Normalized penalized Hausdorff risk,confidence_foreground_entropy,Foreground entropy,0.0883835201086,0.0448006136615,0.128847701043,0.0435829064471,0.518553441946,,,,,,,,
duts,deeplabv3-target,test,5019,5019,risk_nhd,Normalized penalized Hausdorff risk,confidence_dice_m2,Dice-M2,0.114129594194,0.0448006136615,0.128847701043,0.0693289805328,0.824882606796,,,,,,,,
duts,deeplabv3-target,test,5019,5019,risk_nhd,Normalized penalized Hausdorff risk,confidence_dice_m8,Dice-M8,0.096769539744,0.0448006136615,0.128847701043,0.0519689260825,0.618331077277,,,,,,,,
duts,deeplabv3-target,test,5019,5019,risk_nhd,Normalized penalized Hausdorff risk,confidence_dice_m32,Dice-M32,0.0894973614839,0.0448006136615,0.128847701043,0.0446967478225,0.531806029395,,,,,,,,
duts,deeplabv3-target,test,5019,5019,risk_nhd,Normalized penalized Hausdorff risk,confidence_nhd_m2,nHD-M2,0.0942444551626,0.0448006136615,0.128847701043,0.0494438415011,0.588287387959,,,,,,,,
duts,deeplabv3-target,test,5019,5019,risk_nhd,Normalized penalized Hausdorff risk,confidence_nhd_m8,nHD-M8,0.0759941039417,0.0448006136615,0.128847701043,0.0311934902803,0.371143025322,,,,,,,,
duts,deeplabv3-target,test,5019,5019,risk_nhd,Normalized penalized Hausdorff risk,confidence_nhd_m32,nHD-M32,0.0683235542995,0.0448006136615,0.128847701043,0.023522940638,0.279878117981,,,,,,,,
duts,deeplabv3-target,test,5019,5019,risk_nhd,Normalized penalized Hausdorff risk,confidence_nhd95_m2,nHD95-M2,0.096731058483,0.0448006136615,0.128847701043,0.0519304448215,0.617873223683,,,,,,,,
duts,deeplabv3-target,test,5019,5019,risk_nhd,Normalized penalized Hausdorff risk,confidence_nhd95_m8,nHD95-M8,0.0781170694572,0.0448006136615,0.128847701043,0.0333164557957,0.396402264894,,,,,,,,
duts,deeplabv3-target,test,5019,5019,risk_nhd,Normalized penalized Hausdorff risk,confidence_nhd95_m32,nHD95-M32,0.070185857124,0.0448006136615,0.128847701043,0.0253852434625,0.302035968805,,,,,,,,
duts,deeplabv3-target,test,5019,5019,risk_nhd95,Normalized penalized HD95 risk,confidence_sdc,SDC,0.0519941297807,0.0217529929471,0.0899905826291,0.0302411368336,0.443174165068,,,,,,,,
duts,deeplabv3-target,test,5019,5019,risk_nhd95,Normalized penalized HD95 risk,confidence_mean_max_probability,Mean max probability,0.084130089983,0.0217529929471,0.0899905826291,0.0623770970359,0.91411635913,,,,,,,,
duts,deeplabv3-target,test,5019,5019,risk_nhd95,Normalized penalized HD95 risk,confidence_negative_entropy,Negative entropy,0.0749304648518,0.0217529929471,0.0899905826291,0.0531774719047,0.779298802207,,,,,,,,
duts,deeplabv3-target,test,5019,5019,risk_nhd95,Normalized penalized HD95 risk,confidence_dice_exact,Dice-Exact,0.0536530209846,0.0217529929471,0.0899905826291,0.0319000280375,0.467484683825,,,,,,,,
duts,deeplabv3-target,test,5019,5019,risk_nhd95,Normalized penalized HD95 risk,confidence_qfr_entropy,QFR-Entropy,0.0540953087534,0.0217529929471,0.0899905826291,0.0323423158063,0.473966269281,,,,,,,,
duts,deeplabv3-target,test,5019,5019,risk_nhd95,Normalized penalized HD95 risk,confidence_plm10_entropy,PLM-10/PLA-10-Entropy,0.0837766362944,0.0217529929471,0.0899905826291,0.0620236433473,0.908936608639,,,,,,,,
duts,deeplabv3-target,test,5019,5019,risk_nhd95,Normalized penalized HD95 risk,confidence_mmmc_entropy,MMMC-Entropy,0.0587297562757,0.0217529929471,0.0899905826291,0.0369767633286,0.541882611928,,,,,,,,
duts,deeplabv3-target,test,5019,5019,risk_nhd95,Normalized penalized HD95 risk,confidence_foreground_entropy,Foreground entropy,0.051367532994,0.0217529929471,0.0899905826291,0.0296145400469,0.433991590045,,,,,,,,
duts,deeplabv3-target,test,5019,5019,risk_nhd95,Normalized penalized HD95 risk,confidence_dice_m2,Dice-M2,0.0789487099154,0.0217529929471,0.0899905826291,0.0571957169683,0.838184895375,,,,,,,,
duts,deeplabv3-target,test,5019,5019,risk_nhd95,Normalized penalized HD95 risk,confidence_dice_m8,Dice-M8,0.0611803271285,0.0217529929471,0.0899905826291,0.0394273341814,0.577794942129,,,,,,,,
duts,deeplabv3-target,test,5019,5019,risk_nhd95,Normalized penalized HD95 risk,confidence_dice_m32,Dice-M32,0.0536427280511,0.0217529929471,0.0899905826291,0.031889735104,0.467333844184,,,,,,,,
duts,deeplabv3-target,test,5019,5019,risk_nhd95,Normalized penalized HD95 risk,confidence_nhd_m2,nHD-M2,0.0688138835806,0.0217529929471,0.0899905826291,0.0470608906335,0.689662264637,,,,,,,,
duts,deeplabv3-target,test,5019,5019,risk_nhd95,Normalized penalized HD95 risk,confidence_nhd_m8,nHD-M8,0.0495140537916,0.0217529929471,0.0899905826291,0.0277610608444,0.406829446553,,,,,,,,
duts,deeplabv3-target,test,5019,5019,risk_nhd95,Normalized penalized HD95 risk,confidence_nhd_m32,nHD-M32,0.0415163273132,0.0217529929471,0.0899905826291,0.0197633343661,0.289625329063,,,,,,,,
duts,deeplabv3-target,test,5019,5019,risk_nhd95,Normalized penalized HD95 risk,confidence_nhd95_m2,nHD95-M2,0.0675114878051,0.0217529929471,0.0899905826291,0.045758494858,0.670576072092,,,,,,,,
duts,deeplabv3-target,test,5019,5019,risk_nhd95,Normalized penalized HD95 risk,confidence_nhd95_m8,nHD95-M8,0.0480641424135,0.0217529929471,0.0899905826291,0.0263111494664,0.385581460145,,,,,,,,
duts,deeplabv3-target,test,5019,5019,risk_nhd95,Normalized penalized HD95 risk,confidence_nhd95_m32,nHD95-M32,0.0394176679571,0.0217529929471,0.0899905826291,0.01766467501,0.258870149024,,,,,,,,
duts,segformer-target,test,5019,5019,risk_dice,Dice risk,confidence_sdc,SDC,0.0743909543009,0.0368081284147,0.127565007236,0.0375828258862,0.414104433451,,,,,,,,
duts,segformer-target,test,5019,5019,risk_dice,Dice risk,confidence_mean_max_probability,Mean max probability,0.145473098704,0.0368081284147,0.127565007236,0.108664970289,1.19731938449,,,,,,,,
duts,segformer-target,test,5019,5019,risk_dice,Dice risk,confidence_negative_entropy,Negative entropy,0.137994470881,0.0368081284147,0.127565007236,0.101186342466,1.11491650859,,,,,,,,
duts,segformer-target,test,5019,5019,risk_dice,Dice risk,confidence_dice_exact,Dice-Exact,0.0745802901985,0.0368081284147,0.127565007236,0.0377721617837,0.416190621297,,,,,,,,
duts,segformer-target,test,5019,5019,risk_dice,Dice risk,confidence_qfr_entropy,QFR-Entropy,0.0744402402181,0.0368081284147,0.127565007236,0.0376321118034,0.414647487794,,,,,,,,
duts,segformer-target,test,5019,5019,risk_dice,Dice risk,confidence_plm10_entropy,PLM-10/PLA-10-Entropy,0.118007794901,0.0368081284147,0.127565007236,0.0811996664867,0.894694347591,,,,,,,,
duts,segformer-target,test,5019,5019,risk_dice,Dice risk,confidence_mmmc_entropy,MMMC-Entropy,0.0833648092179,0.0368081284147,0.127565007236,0.0465566808032,0.512982392163,,,,,,,,
duts,segformer-target,test,5019,5019,risk_dice,Dice risk,confidence_foreground_entropy,Foreground entropy,0.0699344010687,0.0368081284147,0.127565007236,0.033126272654,0.365000130944,,,,,,,,
duts,segformer-target,test,5019,5019,risk_dice,Dice risk,confidence_dice_m2,Dice-M2,0.103789047724,0.0368081284147,0.127565007236,0.0669809193097,0.738025813352,confidence_dice_exact,0.0170081837826,0.0108851664644,0.0509095154642,0.245830908418,0.972248606033,0.908540434149,0
duts,segformer-target,test,5019,5019,risk_dice,Dice risk,confidence_dice_m8,Dice-M8,0.0814307662037,0.0368081284147,0.127565007236,0.044622637789,0.491672238714,confidence_dice_exact,0.0046127552353,0.00341213049486,0.0112116662204,0.0616475343704,0.997611617786,0.972903633461,0
duts,segformer-target,test,5019,5019,risk_dice,Dice risk,confidence_dice_m32,Dice-M32,0.0752259833565,0.0368081284147,0.127565007236,0.0384178549418,0.423305158139,confidence_dice_exact,0.00123876128076,0.00099699232926,0.00267358430651,0.0150822997093,0.999826873805,0.991585562429,0
duts,segformer-target,test,5019,5019,risk_dice,Dice risk,confidence_nhd_m2,nHD-M2,0.101044967133,0.0368081284147,0.127565007236,0.0642368387178,0.707790302529,,,,,,,,
duts,segformer-target,test,5019,5019,risk_dice,Dice risk,confidence_nhd_m8,nHD-M8,0.0745691290379,0.0368081284147,0.127565007236,0.0377610006231,0.416067642623,,,,,,,,
duts,segformer-target,test,5019,5019,risk_dice,Dice risk,confidence_nhd_m32,nHD-M32,0.0673265958443,0.0368081284147,0.127565007236,0.0305184674295,0.336266163246,,,,,,,,
duts,segformer-target,test,5019,5019,risk_dice,Dice risk,confidence_nhd95_m2,nHD95-M2,0.0943224571281,0.0368081284147,0.127565007236,0.0575143287133,0.633718671908,,,,,,,,
duts,segformer-target,test,5019,5019,risk_dice,Dice risk,confidence_nhd95_m8,nHD95-M8,0.068673527562,0.0368081284147,0.127565007236,0.0318653991473,0.351107261081,,,,,,,,
duts,segformer-target,test,5019,5019,risk_dice,Dice risk,confidence_nhd95_m32,nHD95-M32,0.0619371184702,0.0368081284147,0.127565007236,0.0251289900555,0.27688248408,,,,,,,,
duts,segformer-target,test,5019,5019,risk_nhd,Normalized penalized Hausdorff risk,confidence_sdc,SDC,0.0718508613129,0.0294139392388,0.0930131124989,0.0424369220742,0.667255876119,,,,,,,,
duts,segformer-target,test,5019,5019,risk_nhd,Normalized penalized Hausdorff risk,confidence_mean_max_probability,Mean max probability,0.0981901966638,0.0294139392388,0.0930131124989,0.068776257425,1.08140175256,,,,,,,,
duts,segformer-target,test,5019,5019,risk_nhd,Normalized penalized Hausdorff risk,confidence_negative_entropy,Negative entropy,0.0910571307721,0.0294139392388,0.0930131124989,0.0616431915333,0.969245170549,,,,,,,,
duts,segformer-target,test,5019,5019,risk_nhd,Normalized penalized Hausdorff risk,confidence_dice_exact,Dice-Exact,0.0728374409454,0.0294139392388,0.0930131124989,0.0434235017066,0.682768336138,,,,,,,,
duts,segformer-target,test,5019,5019,risk_nhd,Normalized penalized Hausdorff risk,confidence_qfr_entropy,QFR-Entropy,0.0728459126164,0.0294139392388,0.0930131124989,0.0434319733776,0.682901540244,,,,,,,,
duts,segformer-target,test,5019,5019,risk_nhd,Normalized penalized Hausdorff risk,confidence_plm10_entropy,PLM-10/PLA-10-Entropy,0.094941539904,0.0294139392388,0.0930131124989,0.0655276006652,1.03032157977,,,,,,,,
duts,segformer-target,test,5019,5019,risk_nhd,Normalized penalized Hausdorff risk,confidence_mmmc_entropy,MMMC-Entropy,0.0693234069741,0.0294139392388,0.0930131124989,0.0399094677353,0.627515511436,,,,,,,,
duts,segformer-target,test,5019,5019,risk_nhd,Normalized penalized Hausdorff risk,confidence_foreground_entropy,Foreground entropy,0.0711073739494,0.0294139392388,0.0930131124989,0.0416934347106,0.655565671272,,,,,,,,
duts,segformer-target,test,5019,5019,risk_nhd,Normalized penalized Hausdorff risk,confidence_dice_m2,Dice-M2,0.100209563146,0.0294139392388,0.0930131124989,0.0707956239069,1.11315321061,,,,,,,,
duts,segformer-target,test,5019,5019,risk_nhd,Normalized penalized Hausdorff risk,confidence_dice_m8,Dice-M8,0.078645344994,0.0294139392388,0.0930131124989,0.0492314057552,0.774088769264,,,,,,,,
duts,segformer-target,test,5019,5019,risk_nhd,Normalized penalized Hausdorff risk,confidence_dice_m32,Dice-M32,0.0730623922317,0.0294139392388,0.0930131124989,0.0436484529929,0.686305352027,,,,,,,,
duts,segformer-target,test,5019,5019,risk_nhd,Normalized penalized Hausdorff risk,confidence_nhd_m2,nHD-M2,0.0788246138764,0.0294139392388,0.0930131124989,0.0494106746376,0.776907499025,,,,,,,,
duts,segformer-target,test,5019,5019,risk_nhd,Normalized penalized Hausdorff risk,confidence_nhd_m8,nHD-M8,0.0544900547394,0.0294139392388,0.0930131124989,0.0250761155006,0.394283670922,,,,,,,,
duts,segformer-target,test,5019,5019,risk_nhd,Normalized penalized Hausdorff risk,confidence_nhd_m32,nHD-M32,0.0487924785533,0.0294139392388,0.0930131124989,0.0193785393146,0.304697975165,,,,,,,,
duts,segformer-target,test,5019,5019,risk_nhd,Normalized penalized Hausdorff risk,confidence_nhd95_m2,nHD95-M2,0.0822917795139,0.0294139392388,0.0930131124989,0.0528778402752,0.83142339066,,,,,,,,
duts,segformer-target,test,5019,5019,risk_nhd,Normalized penalized Hausdorff risk,confidence_nhd95_m8,nHD95-M8,0.0574737513736,0.0294139392388,0.0930131124989,0.0280598121349,0.441197749852,,,,,,,,
duts,segformer-target,test,5019,5019,risk_nhd,Normalized penalized Hausdorff risk,confidence_nhd95_m32,nHD95-M32,0.0515570011581,0.0294139392388,0.0930131124989,0.0221430619193,0.34816587676,,,,,,,,
duts,segformer-target,test,5019,5019,risk_nhd95,Normalized penalized HD95 risk,confidence_sdc,SDC,0.0421839088404,0.0127149334903,0.0623331265614,0.0294689753501,0.593914722124,,,,,,,,
duts,segformer-target,test,5019,5019,risk_nhd95,Normalized penalized HD95 risk,confidence_mean_max_probability,Mean max probability,0.077682707847,0.0127149334903,0.0623331265614,0.0649677743568,1.30935389492,,,,,,,,
duts,segformer-target,test,5019,5019,risk_nhd95,Normalized penalized HD95 risk,confidence_negative_entropy,Negative entropy,0.0704682886183,0.0127149334903,0.0623331265614,0.0577533551281,1.16395522596,,,,,,,,
duts,segformer-target,test,5019,5019,risk_nhd95,Normalized penalized HD95 risk,confidence_dice_exact,Dice-Exact,0.0431849626622,0.0127149334903,0.0623331265614,0.0304700291719,0.614089858698,,,,,,,,
duts,segformer-target,test,5019,5019,risk_nhd95,Normalized penalized HD95 risk,confidence_qfr_entropy,QFR-Entropy,0.043265919522,0.0127149334903,0.0623331265614,0.0305509860318,0.615721454991,,,,,,,,
duts,segformer-target,test,5019,5019,risk_nhd95,Normalized penalized HD95 risk,confidence_plm10_entropy,PLM-10/PLA-10-Entropy,0.0726587444297,0.0127149334903,0.0623331265614,0.0599438109394,1.20810144887,,,,,,,,
duts,segformer-target,test,5019,5019,risk_nhd95,Normalized penalized HD95 risk,confidence_mmmc_entropy,MMMC-Entropy,0.0411296973257,0.0127149334903,0.0623331265614,0.0284147638354,0.572668250831,,,,,,,,
duts,segformer-target,test,5019,5019,risk_nhd95,Normalized penalized HD95 risk,confidence_foreground_entropy,Foreground entropy,0.0411231238724,0.0127149334903,0.0623331265614,0.0284081903821,0.572535770124,,,,,,,,
duts,segformer-target,test,5019,5019,risk_nhd95,Normalized penalized HD95 risk,confidence_dice_m2,Dice-M2,0.0713794193017,0.0127149334903,0.0623331265614,0.0586644858114,1.18231806078,,,,,,,,
duts,segformer-target,test,5019,5019,risk_nhd95,Normalized penalized HD95 risk,confidence_dice_m8,Dice-M8,0.04916556029,0.0127149334903,0.0623331265614,0.0364506267997,0.734622213015,,,,,,,,
duts,segformer-target,test,5019,5019,risk_nhd95,Normalized penalized HD95 risk,confidence_dice_m32,Dice-M32,0.0434290789414,0.0127149334903,0.0623331265614,0.0307141454511,0.619009753279,,,,,,,,
duts,segformer-target,test,5019,5019,risk_nhd95,Normalized penalized HD95 risk,confidence_nhd_m2,nHD-M2,0.0589479749546,0.0127149334903,0.0623331265614,0.0462330414643,0.931775999945,,,,,,,,
duts,segformer-target,test,5019,5019,risk_nhd95,Normalized penalized HD95 risk,confidence_nhd_m8,nHD-M8,0.0340917111127,0.0127149334903,0.0623331265614,0.0213767776224,0.430825394867,,,,,,,,
duts,segformer-target,test,5019,5019,risk_nhd95,Normalized penalized HD95 risk,confidence_nhd_m32,nHD-M32,0.028113974829,0.0127149334903,0.0623331265614,0.0153990413388,0.310350707788,,,,,,,,
duts,segformer-target,test,5019,5019,risk_nhd95,Normalized penalized HD95 risk,confidence_nhd95_m2,nHD95-M2,0.0586936300052,0.0127149334903,0.0623331265614,0.045978696515,0.926649957789,,,,,,,,
duts,segformer-target,test,5019,5019,risk_nhd95,Normalized penalized HD95 risk,confidence_nhd95_m8,nHD95-M8,0.0335660974393,0.0127149334903,0.0623331265614,0.0208511639491,0.420232230529,,,,,,,,
duts,segformer-target,test,5019,5019,risk_nhd95,Normalized penalized HD95 risk,confidence_nhd95_m32,nHD95-M32,0.0272408719961,0.0127149334903,0.0623331265614,0.0145259385059,0.292754282387,,,,,,,,
fives,segformer-target,test,200,200,risk_dice,Dice risk,confidence_sdc,SDC,0.219572015232,0.18838184426,0.237241404157,0.0311901709725,0.638363731444,,,,,,,,
fives,segformer-target,test,200,200,risk_dice,Dice risk,confidence_mean_max_probability,Mean max probability,0.287474888187,0.18838184426,0.237241404157,0.0990930439277,2.02811986307,,,,,,,,
fives,segformer-target,test,200,200,risk_dice,Dice risk,confidence_negative_entropy,Negative entropy,0.28714272026,0.18838184426,0.237241404157,0.0987608760008,2.02132144066,,,,,,,,
fives,segformer-target,test,200,200,risk_dice,Dice risk,confidence_dice_exact,Dice-Exact,0.221136151541,0.18838184426,0.237241404157,0.0327543072809,0.67037663356,,,,,,,,
fives,segformer-target,test,200,200,risk_dice,Dice risk,confidence_qfr_entropy,QFR-Entropy,0.221638200705,0.18838184426,0.237241404157,0.0332563564456,0.680651985318,,,,,,,,
fives,segformer-target,test,200,200,risk_dice,Dice risk,confidence_plm10_entropy,PLM-10/PLA-10-Entropy,0.248124831756,0.18838184426,0.237241404157,0.0597429874965,1.22274919427,,,,,,,,
fives,segformer-target,test,200,200,risk_dice,Dice risk,confidence_mmmc_entropy,MMMC-Entropy,0.240131615465,0.18838184426,0.237241404157,0.0517497712058,1.05915344541,,,,,,,,
fives,segformer-target,test,200,200,risk_dice,Dice risk,confidence_foreground_entropy,Foreground entropy,0.222698144924,0.18838184426,0.237241404157,0.0343163006648,0.702345676818,,,,,,,,
fives,segformer-target,test,200,200,risk_dice,Dice risk,confidence_dice_m2,Dice-M2,0.221592572888,0.18838184426,0.237241404157,0.0332107286286,0.679718128829,confidence_dice_exact,0.0446213925723,0.0443135804992,0.0515657791188,0.0962938624139,0.99060075797,0.932257902407,0
fives,segformer-target,test,200,200,risk_dice,Dice risk,confidence_dice_m8,Dice-M8,0.221361121446,0.18838184426,0.237241404157,0.0329792771859,0.67498105295,confidence_dice_exact,0.00956577392308,0.00987276708451,0.0118280773573,0.0136553885929,0.999492986944,0.9855269109,0
fives,segformer-target,test,200,200,risk_dice,Dice risk,confidence_dice_m32,Dice-M32,0.221289101674,0.18838184426,0.237241404157,0.0329072574148,0.67350703699,confidence_dice_exact,0.00145829683205,0.00143037072797,0.00234723074422,0.00440960273002,0.999837995828,0.994271068898,0
fives,segformer-target,test,200,200,risk_dice,Dice risk,confidence_nhd_m2,nHD-M2,0.231493014139,0.18838184426,0.237241404157,0.0431111698789,0.882348714762,,,,,,,,
fives,segformer-target,test,200,200,risk_dice,Dice risk,confidence_nhd_m8,nHD-M8,0.228552922375,0.18838184426,0.237241404157,0.0401710781152,0.82217437488,,,,,,,,
fives,segformer-target,test,200,200,risk_dice,Dice risk,confidence_nhd_m32,nHD-M32,0.227871503393,0.18838184426,0.237241404157,0.039489659133,0.808227892685,,,,,,,,
fives,segformer-target,test,200,200,risk_dice,Dice risk,confidence_nhd95_m2,nHD95-M2,0.226234429915,0.18838184426,0.237241404157,0.0378525856557,0.774722198389,,,,,,,,
fives,segformer-target,test,200,200,risk_dice,Dice risk,confidence_nhd95_m8,nHD95-M8,0.221951665327,0.18838184426,0.237241404157,0.0335698210678,0.687067610486,,,,,,,,
fives,segformer-target,test,200,200,risk_dice,Dice risk,confidence_nhd95_m32,nHD95-M32,0.208716440647,0.18838184426,0.237241404157,0.0203345963878,0.416184599916,,,,,,,,
fives,segformer-target,test,200,200,risk_nhd,Normalized penalized Hausdorff risk,confidence_sdc,SDC,0.0732396914409,0.0493348089958,0.0771740156828,0.0239048824451,0.858676855051,,,,,,,,
fives,segformer-target,test,200,200,risk_nhd,Normalized penalized Hausdorff risk,confidence_mean_max_probability,Mean max probability,0.106034999765,0.0493348089958,0.0771740156828,0.0567001907689,2.03670282011,,,,,,,,
fives,segformer-target,test,200,200,risk_nhd,Normalized penalized Hausdorff risk,confidence_negative_entropy,Negative entropy,0.10516903295,0.0493348089958,0.0771740156828,0.055834223954,2.00559680388,,,,,,,,
fives,segformer-target,test,200,200,risk_nhd,Normalized penalized Hausdorff risk,confidence_dice_exact,Dice-Exact,0.0768246806963,0.0493348089958,0.0771740156828,0.0274898717005,0.987451690332,,,,,,,,
fives,segformer-target,test,200,200,risk_nhd,Normalized penalized Hausdorff risk,confidence_qfr_entropy,QFR-Entropy,0.0780035960161,0.0493348089958,0.0771740156828,0.0286687870203,1.02979899329,,,,,,,,
fives,segformer-target,test,200,200,risk_nhd,Normalized penalized Hausdorff risk,confidence_plm10_entropy,PLM-10/PLA-10-Entropy,0.084692958213,0.0493348089958,0.0771740156828,0.0353581492172,1.27008465488,,,,,,,,
fives,segformer-target,test,200,200,risk_nhd,Normalized penalized Hausdorff risk,confidence_mmmc_entropy,MMMC-Entropy,0.0792020460934,0.0493348089958,0.0771740156828,0.0298672370976,1.07284799576,,,,,,,,
fives,segformer-target,test,200,200,risk_nhd,Normalized penalized Hausdorff risk,confidence_foreground_entropy,Foreground entropy,0.0782368857994,0.0493348089958,0.0771740156828,0.0289020768036,1.03817889384,,,,,,,,
fives,segformer-target,test,200,200,risk_nhd,Normalized penalized Hausdorff risk,confidence_dice_m2,Dice-M2,0.0782287405723,0.0493348089958,0.0771740156828,0.0288939315765,1.03788631269,,,,,,,,
fives,segformer-target,test,200,200,risk_nhd,Normalized penalized Hausdorff risk,confidence_dice_m8,Dice-M8,0.0772579145359,0.0493348089958,0.0771740156828,0.0279231055401,1.00301369411,,,,,,,,
fives,segformer-target,test,200,200,risk_nhd,Normalized penalized Hausdorff risk,confidence_dice_m32,Dice-M32,0.076894946393,0.0493348089958,0.0771740156828,0.0275601373972,0.989975673772,,,,,,,,
fives,segformer-target,test,200,200,risk_nhd,Normalized penalized Hausdorff risk,confidence_nhd_m2,nHD-M2,0.0697376123746,0.0493348089958,0.0771740156828,0.0204028033788,0.732880200512,,,,,,,,
fives,segformer-target,test,200,200,risk_nhd,Normalized penalized Hausdorff risk,confidence_nhd_m8,nHD-M8,0.0681513385817,0.0493348089958,0.0771740156828,0.0188165295859,0.675900351525,,,,,,,,
fives,segformer-target,test,200,200,risk_nhd,Normalized penalized Hausdorff risk,confidence_nhd_m32,nHD-M32,0.0677671809409,0.0493348089958,0.0771740156828,0.0184323719451,0.662101192479,,,,,,,,
fives,segformer-target,test,200,200,risk_nhd,Normalized penalized Hausdorff risk,confidence_nhd95_m2,nHD95-M2,0.075747911945,0.0493348089958,0.0771740156828,0.0264131029492,0.9487735497,,,,,,,,
fives,segformer-target,test,200,200,risk_nhd,Normalized penalized Hausdorff risk,confidence_nhd95_m8,nHD95-M8,0.0720179564559,0.0493348089958,0.0771740156828,0.0226831474601,0.814791445573,,,,,,,,
fives,segformer-target,test,200,200,risk_nhd,Normalized penalized Hausdorff risk,confidence_nhd95_m32,nHD95-M32,0.0664619040763,0.0493348089958,0.0771740156828,0.0171270950805,0.615214911585,,,,,,,,
fives,segformer-target,test,200,200,risk_nhd95,Normalized penalized HD95 risk,confidence_sdc,SDC,0.0217620685101,0.00911540293965,0.0225766567734,0.0126466655704,0.939486449528,,,,,,,,
fives,segformer-target,test,200,200,risk_nhd95,Normalized penalized HD95 risk,confidence_mean_max_probability,Mean max probability,0.0430916762205,0.00911540293965,0.0225766567734,0.0339762732808,2.52400509644,,,,,,,,
fives,segformer-target,test,200,200,risk_nhd95,Normalized penalized HD95 risk,confidence_negative_entropy,Negative entropy,0.0422414633663,0.00911540293965,0.0225766567734,0.0331260604267,2.46084509184,,,,,,,,
fives,segformer-target,test,200,200,risk_nhd95,Normalized penalized HD95 risk,confidence_dice_exact,Dice-Exact,0.0236243210827,0.00911540293965,0.0225766567734,0.0145089181431,1.07782813713,,,,,,,,
fives,segformer-target,test,200,200,risk_nhd95,Normalized penalized HD95 risk,confidence_qfr_entropy,QFR-Entropy,0.0246953195018,0.00911540293965,0.0225766567734,0.0155799165621,1.15738970192,,,,,,,,
fives,segformer-target,test,200,200,risk_nhd95,Normalized penalized HD95 risk,confidence_plm10_entropy,PLM-10/PLA-10-Entropy,0.0294461011138,0.00911540293965,0.0225766567734,0.0203306981741,1.5103123695,,,,,,,,
fives,segformer-target,test,200,200,risk_nhd95,Normalized penalized HD95 risk,confidence_mmmc_entropy,MMMC-Entropy,0.0240194867895,0.00911540293965,0.0225766567734,0.0149040838498,1.10718392461,,,,,,,,
fives,segformer-target,test,200,200,risk_nhd95,Normalized penalized HD95 risk,confidence_foreground_entropy,Foreground entropy,0.0245436916305,0.00911540293965,0.0225766567734,0.0154282886908,1.14612567903,,,,,,,,
fives,segformer-target,test,200,200,risk_nhd95,Normalized penalized HD95 risk,confidence_dice_m2,Dice-M2,0.0248088932724,0.00911540293965,0.0225766567734,0.0156934903328,1.16582678899,,,,,,,,
fives,segformer-target,test,200,200,risk_nhd95,Normalized penalized HD95 risk,confidence_dice_m8,Dice-M8,0.023807032213,0.00911540293965,0.0225766567734,0.0146916292733,1.09140125094,,,,,,,,
fives,segformer-target,test,200,200,risk_nhd95,Normalized penalized HD95 risk,confidence_dice_m32,Dice-M32,0.0236709220947,0.00911540293965,0.0225766567734,0.014555519155,1.08128999979,,,,,,,,
fives,segformer-target,test,200,200,risk_nhd95,Normalized penalized HD95 risk,confidence_nhd_m2,nHD-M2,0.0211597408031,0.00911540293965,0.0225766567734,0.0120443378635,0.894741159498,,,,,,,,
fives,segformer-target,test,200,200,risk_nhd95,Normalized penalized HD95 risk,confidence_nhd_m8,nHD-M8,0.020646803825,0.00911540293965,0.0225766567734,0.0115314008854,0.85663646402,,,,,,,,
fives,segformer-target,test,200,200,risk_nhd95,Normalized penalized HD95 risk,confidence_nhd_m32,nHD-M32,0.0203348658654,0.00911540293965,0.0225766567734,0.0112194629258,0.83346343991,,,,,,,,
fives,segformer-target,test,200,200,risk_nhd95,Normalized penalized HD95 risk,confidence_nhd95_m2,nHD95-M2,0.0240057695069,0.00911540293965,0.0225766567734,0.0148903665672,1.10616490493,,,,,,,,
fives,segformer-target,test,200,200,risk_nhd95,Normalized penalized HD95 risk,confidence_nhd95_m8,nHD95-M8,0.0212316654171,0.00911540293965,0.0225766567734,0.0121162624774,0.900084243791,,,,,,,,
fives,segformer-target,test,200,200,risk_nhd95,Normalized penalized HD95 risk,confidence_nhd95_m32,nHD95-M32,0.0162483045667,0.00911540293965,0.0225766567734,0.00713290162704,0.529883896043,,,,,,,,
isic,segformer-target,test,1000,1000,risk_dice,Dice risk,confidence_sdc,SDC,0.0683002593217,0.0512963233895,0.115703330453,0.0170039359322,0.264007546808,,,,,,,,
isic,segformer-target,test,1000,1000,risk_dice,Dice risk,confidence_mean_max_probability,Mean max probability,0.0958842434955,0.0512963233895,0.115703330453,0.044587920106,0.692283683696,,,,,,,,
isic,segformer-target,test,1000,1000,risk_dice,Dice risk,confidence_negative_entropy,Negative entropy,0.0941859582464,0.0512963233895,0.115703330453,0.0428896348569,0.665915663716,,,,,,,,
isic,segformer-target,test,1000,1000,risk_dice,Dice risk,confidence_dice_exact,Dice-Exact,0.0676205897496,0.0512963233895,0.115703330453,0.0163242663601,0.253454819658,,,,,,,,
isic,segformer-target,test,1000,1000,risk_dice,Dice risk,confidence_qfr_entropy,QFR-Entropy,0.0679618948138,0.0512963233895,0.115703330453,0.0166655714243,0.258754011155,,,,,,,,
isic,segformer-target,test,1000,1000,risk_dice,Dice risk,confidence_plm10_entropy,PLM-10/PLA-10-Entropy,0.0963728436945,0.0512963233895,0.115703330453,0.045076520305,0.699869817896,,,,,,,,
isic,segformer-target,test,1000,1000,risk_dice,Dice risk,confidence_mmmc_entropy,MMMC-Entropy,0.0869773619508,0.0512963233895,0.115703330453,0.0356810385612,0.553993116399,,,,,,,,
isic,segformer-target,test,1000,1000,risk_dice,Dice risk,confidence_foreground_entropy,Foreground entropy,0.0646924918667,0.0512963233895,0.115703330453,0.0133961684772,0.207992407781,,,,,,,,
isic,segformer-target,test,1000,1000,risk_dice,Dice risk,confidence_dice_m2,Dice-M2,0.0758497194386,0.0512963233895,0.115703330453,0.0245533960491,0.381222434769,confidence_dice_exact,0.0107092403091,0.0089560943834,0.0196827091487,0.160246372223,0.98928955729,0.941325325325,0
isic,segformer-target,test,1000,1000,risk_dice,Dice risk,confidence_dice_m8,Dice-M8,0.0681715682708,0.0512963233895,0.115703330453,0.0168752448813,0.262009455968,confidence_dice_exact,0.0029782311288,0.00253520886287,0.0055744475239,0.0352463722229,0.999484275484,0.983187187187,0
isic,segformer-target,test,1000,1000,risk_dice,Dice risk,confidence_dice_m32,Dice-M32,0.0678595337692,0.0512963233895,0.115703330453,0.0165632103797,0.257164726863,confidence_dice_exact,0.000812748734993,0.000699885003932,0.00156294149793,0.00583918392658,0.999883995884,0.993505505506,0
isic,segformer-target,test,1000,1000,risk_dice,Dice risk,confidence_nhd_m2,nHD-M2,0.0920246377961,0.0512963233895,0.115703330453,0.0407283144066,0.632358438364,,,,,,,,
isic,segformer-target,test,1000,1000,risk_dice,Dice risk,confidence_nhd_m8,nHD-M8,0.0829599043028,0.0512963233895,0.115703330453,0.0316635809133,0.491617020519,,,,,,,,
isic,segformer-target,test,1000,1000,risk_dice,Dice risk,confidence_nhd_m32,nHD-M32,0.0822651081857,0.0512963233895,0.115703330453,0.0309687847962,0.480829434684,,,,,,,,
isic,segformer-target,test,1000,1000,risk_dice,Dice risk,confidence_nhd95_m2,nHD95-M2,0.0878992359546,0.0512963233895,0.115703330453,0.0366029125651,0.568306372765,,,,,,,,
isic,segformer-target,test,1000,1000,risk_dice,Dice risk,confidence_nhd95_m8,nHD95-M8,0.0782658561518,0.0512963233895,0.115703330453,0.0269695327622,0.418736003918,,,,,,,,
isic,segformer-target,test,1000,1000,risk_dice,Dice risk,confidence_nhd95_m32,nHD95-M32,0.077893086774,0.0512963233895,0.115703330453,0.0265967633844,0.412948289277,,,,,,,,
isic,segformer-target,test,1000,1000,risk_nhd,Normalized penalized Hausdorff risk,confidence_sdc,SDC,0.0460995763397,0.0240140479882,0.0612232182262,0.0220855283516,0.593550681467,,,,,,,,
isic,segformer-target,test,1000,1000,risk_nhd,Normalized penalized Hausdorff risk,confidence_mean_max_probability,Mean max probability,0.035412361649,0.0240140479882,0.0612232182262,0.0113983136608,0.306330767064,,,,,,,,
isic,segformer-target,test,1000,1000,risk_nhd,Normalized penalized Hausdorff risk,confidence_negative_entropy,Negative entropy,0.0334658363557,0.0240140479882,0.0612232182262,0.00945178836749,0.254017714102,,,,,,,,
isic,segformer-target,test,1000,1000,risk_nhd,Normalized penalized Hausdorff risk,confidence_dice_exact,Dice-Exact,0.0451702599648,0.0240140479882,0.0612232182262,0.0211562119766,0.568575215231,,,,,,,,
isic,segformer-target,test,1000,1000,risk_nhd,Normalized penalized Hausdorff risk,confidence_qfr_entropy,QFR-Entropy,0.0461985703094,0.0240140479882,0.0612232182262,0.0221845223213,0.596211153847,,,,,,,,
isic,segformer-target,test,1000,1000,risk_nhd,Normalized penalized Hausdorff risk,confidence_plm10_entropy,PLM-10/PLA-10-Entropy,0.0457208422961,0.0240140479882,0.0612232182262,0.021706794308,0.583372167913,,,,,,,,
isic,segformer-target,test,1000,1000,risk_nhd,Normalized penalized Hausdorff risk,confidence_mmmc_entropy,MMMC-Entropy,0.0346148264131,0.0240140479882,0.0612232182262,0.010600778425,0.284896931514,,,,,,,,
isic,segformer-target,test,1000,1000,risk_nhd,Normalized penalized Hausdorff risk,confidence_foreground_entropy,Foreground entropy,0.0397327496674,0.0240140479882,0.0612232182262,0.0157187016792,0.422441607235,,,,,,,,
isic,segformer-target,test,1000,1000,risk_nhd,Normalized penalized Hausdorff risk,confidence_dice_m2,Dice-M2,0.0529539028175,0.0240140479882,0.0612232182262,0.0289398548294,0.777761359478,,,,,,,,
isic,segformer-target,test,1000,1000,risk_nhd,Normalized penalized Hausdorff risk,confidence_dice_m8,Dice-M8,0.0456480022211,0.0240140479882,0.0612232182262,0.021633954233,0.581414583948,,,,,,,,
isic,segformer-target,test,1000,1000,risk_nhd,Normalized penalized Hausdorff risk,confidence_dice_m32,Dice-M32,0.0454718902248,0.0240140479882,0.0612232182262,0.0214578422366,0.576681557244,,,,,,,,
isic,segformer-target,test,1000,1000,risk_nhd,Normalized penalized Hausdorff risk,confidence_nhd_m2,nHD-M2,0.0378135440837,0.0240140479882,0.0612232182262,0.0137994960956,0.370862774077,,,,,,,,
isic,segformer-target,test,1000,1000,risk_nhd,Normalized penalized Hausdorff risk,confidence_nhd_m8,nHD-M8,0.0290646541334,0.0240140479882,0.0612232182262,0.00505060614521,0.135735521994,,,,,,,,
isic,segformer-target,test,1000,1000,risk_nhd,Normalized penalized Hausdorff risk,confidence_nhd_m32,nHD-M32,0.0287629747625,0.0240140479882,0.0612232182262,0.00474892677429,0.127627860119,,,,,,,,
isic,segformer-target,test,1000,1000,risk_nhd,Normalized penalized Hausdorff risk,confidence_nhd95_m2,nHD95-M2,0.0376355819113,0.0240140479882,0.0612232182262,0.0136215339231,0.366080023715,,,,,,,,
isic,segformer-target,test,1000,1000,risk_nhd,Normalized penalized Hausdorff risk,confidence_nhd95_m8,nHD95-M8,0.0290283066423,0.0240140479882,0.0612232182262,0.00501425865411,0.134758679703,,,,,,,,
isic,segformer-target,test,1000,1000,risk_nhd,Normalized penalized Hausdorff risk,confidence_nhd95_m32,nHD95-M32,0.0288582624301,0.0240140479882,0.0612232182262,0.00484421444195,0.130188725278,,,,,,,,
isic,segformer-target,test,1000,1000,risk_nhd95,Normalized penalized HD95 risk,confidence_sdc,SDC,0.0317165888939,0.017556645792,0.0474429203859,0.0141599431018,0.473794184597,,,,,,,,
isic,segformer-target,test,1000,1000,risk_nhd95,Normalized penalized HD95 risk,confidence_mean_max_probability,Mean max probability,0.0280372092419,0.017556645792,0.0474429203859,0.0104805634499,0.350681494843,,,,,,,,
isic,segformer-target,test,1000,1000,risk_nhd95,Normalized penalized HD95 risk,confidence_negative_entropy,Negative entropy,0.0262235587955,0.017556645792,0.0474429203859,0.00866691300341,0.289996432182,,,,,,,,
isic,segformer-target,test,1000,1000,risk_nhd95,Normalized penalized HD95 risk,confidence_dice_exact,Dice-Exact,0.031028981036,0.017556645792,0.0474429203859,0.0134723352439,0.450786704835,,,,,,,,
isic,segformer-target,test,1000,1000,risk_nhd95,Normalized penalized HD95 risk,confidence_qfr_entropy,QFR-Entropy,0.0317610733812,0.017556645792,0.0474429203859,0.0142044275892,0.475282643361,,,,,,,,
isic,segformer-target,test,1000,1000,risk_nhd95,Normalized penalized HD95 risk,confidence_plm10_entropy,PLM-10/PLA-10-Entropy,0.0375570862511,0.017556645792,0.0474429203859,0.020000440459,0.669218252555,,,,,,,,
isic,segformer-target,test,1000,1000,risk_nhd95,Normalized penalized HD95 risk,confidence_mmmc_entropy,MMMC-Entropy,0.0263933639715,0.017556645792,0.0474429203859,0.00883671817947,0.295678143213,,,,,,,,
isic,segformer-target,test,1000,1000,risk_nhd95,Normalized penalized HD95 risk,confidence_foreground_entropy,Foreground entropy,0.0270908494241,0.017556645792,0.0474429203859,0.00953420363208,0.319016129031,,,,,,,,
isic,segformer-target,test,1000,1000,risk_nhd95,Normalized penalized HD95 risk,confidence_dice_m2,Dice-M2,0.0388677911111,0.017556645792,0.0474429203859,0.0213111453191,0.71307466751,,,,,,,,
isic,segformer-target,test,1000,1000,risk_nhd95,Normalized penalized HD95 risk,confidence_dice_m8,Dice-M8,0.0313958801385,0.017556645792,0.0474429203859,0.0138392343465,0.463063213283,,,,,,,,
isic,segformer-target,test,1000,1000,risk_nhd95,Normalized penalized HD95 risk,confidence_dice_m32,Dice-M32,0.0312429128803,0.017556645792,0.0474429203859,0.0136862670883,0.457944901942,,,,,,,,
isic,segformer-target,test,1000,1000,risk_nhd95,Normalized penalized HD95 risk,confidence_nhd_m2,nHD-M2,0.030659696356,0.017556645792,0.0474429203859,0.0131030505639,0.438430374545,,,,,,,,
isic,segformer-target,test,1000,1000,risk_nhd95,Normalized penalized HD95 risk,confidence_nhd_m8,nHD-M8,0.0220991741216,0.017556645792,0.0474429203859,0.00454252832956,0.151993796192,,,,,,,,
isic,segformer-target,test,1000,1000,risk_nhd95,Normalized penalized HD95 risk,confidence_nhd_m32,nHD-M32,0.0218080846537,0.017556645792,0.0474429203859,0.00425143886163,0.142253891441,,,,,,,,
isic,segformer-target,test,1000,1000,risk_nhd95,Normalized penalized HD95 risk,confidence_nhd95_m2,nHD95-M2,0.0297098413799,0.017556645792,0.0474429203859,0.0121531955879,0.406648060123,,,,,,,,
isic,segformer-target,test,1000,1000,risk_nhd95,Normalized penalized HD95 risk,confidence_nhd95_m8,nHD95-M8,0.0214933340946,0.017556645792,0.0474429203859,0.00393668830257,0.131722282421,,,,,,,,
isic,segformer-target,test,1000,1000,risk_nhd95,Normalized penalized HD95 risk,confidence_nhd95_m32,nHD95-M32,0.021298587956,0.017556645792,0.0474429203859,0.00374194216393,0.125206042399,,,,,,,,
kvasir,segformer-target,test,200,200,risk_dice,Dice risk,confidence_sdc,SDC,0.0370246508658,0.029202938147,0.0933770283982,0.00782171271879,0.121882720708,,,,,,,,
kvasir,segformer-target,test,200,200,risk_dice,Dice risk,confidence_mean_max_probability,Mean max probability,0.0870760301355,0.029202938147,0.0933770283982,0.0578730919885,0.901813983836,,,,,,,,
kvasir,segformer-target,test,200,200,risk_dice,Dice risk,confidence_negative_entropy,Negative entropy,0.086344172262,0.029202938147,0.0933770283982,0.057141234115,0.89040972597,,,,,,,,
kvasir,segformer-target,test,200,200,risk_dice,Dice risk,confidence_dice_exact,Dice-Exact,0.0643324663919,0.029202938147,0.0933770283982,0.0351295282449,0.54740983639,,,,,,,,
kvasir,segformer-target,test,200,200,risk_dice,Dice risk,confidence_qfr_entropy,QFR-Entropy,0.0643358491998,0.029202938147,0.0933770283982,0.0351329110529,0.547462549377,,,,,,,,
kvasir,segformer-target,test,200,200,risk_dice,Dice risk,confidence_plm10_entropy,PLM-10/PLA-10-Entropy,0.0779648080226,0.029202938147,0.0933770283982,0.0487618698756,0.759837337541,,,,,,,,
kvasir,segformer-target,test,200,200,risk_dice,Dice risk,confidence_mmmc_entropy,MMMC-Entropy,0.054066722516,0.029202938147,0.0933770283982,0.024863784369,0.387442724496,,,,,,,,
kvasir,segformer-target,test,200,200,risk_dice,Dice risk,confidence_foreground_entropy,Foreground entropy,0.0363529710122,0.029202938147,0.0933770283982,0.00715003286527,0.111416193627,,,,,,,,
kvasir,segformer-target,test,200,200,risk_dice,Dice risk,confidence_dice_m2,Dice-M2,0.065905820329,0.029202938147,0.0933770283982,0.036702882182,0.571926801585,confidence_dice_exact,0.0130243220444,0.0104691285998,0.0301708301418,0.105802879352,0.989192229806,0.923819095477,0
kvasir,segformer-target,test,200,200,risk_dice,Dice risk,confidence_dice_m8,Dice-M8,0.0643244564817,0.029202938147,0.0933770283982,0.0351215183347,0.54728502106,confidence_dice_exact,0.00500003135928,0.0043575999046,0.0094520317058,0.0187263585042,0.998268956724,0.969648241206,0
kvasir,segformer-target,test,200,200,risk_dice,Dice risk,confidence_dice_m32,Dice-M32,0.0641700858517,0.029202938147,0.0933770283982,0.0349671477047,0.544879523307,confidence_dice_exact,0.00219484567564,0.00199315456288,0.0036033757782,0.0116540007293,0.999446486162,0.984924623116,0
kvasir,segformer-target,test,200,200,risk_dice,Dice risk,confidence_nhd_m2,nHD-M2,0.0794379573238,0.029202938147,0.0933770283982,0.0502350191768,0.782792852694,,,,,,,,
kvasir,segformer-target,test,200,200,risk_dice,Dice risk,confidence_nhd_m8,nHD-M8,0.0745545774267,0.029202938147,0.0933770283982,0.0453516392797,0.706697034616,,,,,,,,
kvasir,segformer-target,test,200,200,risk_dice,Dice risk,confidence_nhd_m32,nHD-M32,0.075676270855,0.029202938147,0.0933770283982,0.046473332708,0.724175948986,,,,,,,,
kvasir,segformer-target,test,200,200,risk_dice,Dice risk,confidence_nhd95_m2,nHD95-M2,0.0742801119799,0.029202938147,0.0933770283982,0.0450771738329,0.702420145832,,,,,,,,
kvasir,segformer-target,test,200,200,risk_dice,Dice risk,confidence_nhd95_m8,nHD95-M8,0.0715615411726,0.029202938147,0.0933770283982,0.0423586030256,0.660057709581,,,,,,,,
kvasir,segformer-target,test,200,200,risk_dice,Dice risk,confidence_nhd95_m32,nHD95-M32,0.0717057830159,0.029202938147,0.0933770283982,0.0425028448689,0.662305374373,,,,,,,,
kvasir,segformer-target,test,200,200,risk_nhd,Normalized penalized Hausdorff risk,confidence_sdc,SDC,0.116678975065,0.0255049513224,0.113562584425,0.0911740237429,1.0353903521,,,,,,,,
kvasir,segformer-target,test,200,200,risk_nhd,Normalized penalized Hausdorff risk,confidence_mean_max_probability,Mean max probability,0.0952084759325,0.0255049513224,0.113562584425,0.0697035246101,0.791567092531,,,,,,,,
kvasir,segformer-target,test,200,200,risk_nhd,Normalized penalized Hausdorff risk,confidence_negative_entropy,Negative entropy,0.0945639336917,0.0255049513224,0.113562584425,0.0690589823693,0.784247542617,,,,,,,,
kvasir,segformer-target,test,200,200,risk_nhd,Normalized penalized Hausdorff risk,confidence_dice_exact,Dice-Exact,0.140025003574,0.0255049513224,0.113562584425,0.114520052251,1.30051249638,,,,,,,,
kvasir,segformer-target,test,200,200,risk_nhd,Normalized penalized Hausdorff risk,confidence_qfr_entropy,QFR-Entropy,0.140269280426,0.0255049513224,0.113562584425,0.114764329103,1.30328655291,,,,,,,,
kvasir,segformer-target,test,200,200,risk_nhd,Normalized penalized Hausdorff risk,confidence_plm10_entropy,PLM-10/PLA-10-Entropy,0.0918465655225,0.0255049513224,0.113562584425,0.0663416142,0.753388569084,,,,,,,,
kvasir,segformer-target,test,200,200,risk_nhd,Normalized penalized Hausdorff risk,confidence_mmmc_entropy,MMMC-Entropy,0.069654749806,0.0255049513224,0.113562584425,0.0441497984836,0.501373894892,,,,,,,,
kvasir,segformer-target,test,200,200,risk_nhd,Normalized penalized Hausdorff risk,confidence_foreground_entropy,Foreground entropy,0.104392253473,0.0255049513224,0.113562584425,0.0788873021506,0.895859897333,,,,,,,,
kvasir,segformer-target,test,200,200,risk_nhd,Normalized penalized Hausdorff risk,confidence_dice_m2,Dice-M2,0.141877486847,0.0255049513224,0.113562584425,0.116372535525,1.32154966497,,,,,,,,
kvasir,segformer-target,test,200,200,risk_nhd,Normalized penalized Hausdorff risk,confidence_dice_m8,Dice-M8,0.141112685021,0.0255049513224,0.113562584425,0.115607733698,1.31286442328,,,,,,,,
kvasir,segformer-target,test,200,200,risk_nhd,Normalized penalized Hausdorff risk,confidence_dice_m32,Dice-M32,0.140524435488,0.0255049513224,0.113562584425,0.115019484165,1.30618414455,,,,,,,,
kvasir,segformer-target,test,200,200,risk_nhd,Normalized penalized Hausdorff risk,confidence_nhd_m2,nHD-M2,0.0898170357432,0.0255049513224,0.113562584425,0.0643120844208,0.730340825149,,,,,,,,
kvasir,segformer-target,test,200,200,risk_nhd,Normalized penalized Hausdorff risk,confidence_nhd_m8,nHD-M8,0.0866862884244,0.0255049513224,0.113562584425,0.0611813371019,0.694787435755,,,,,,,,
kvasir,segformer-target,test,200,200,risk_nhd,Normalized penalized Hausdorff risk,confidence_nhd_m32,nHD-M32,0.0900494467056,0.0255049513224,0.113562584425,0.0645444953832,0.732980130275,,,,,,,,
kvasir,segformer-target,test,200,200,risk_nhd,Normalized penalized Hausdorff risk,confidence_nhd95_m2,nHD95-M2,0.0938689351374,0.0255049513224,0.113562584425,0.068363983815,0.776355000769,,,,,,,,
kvasir,segformer-target,test,200,200,risk_nhd,Normalized penalized Hausdorff risk,confidence_nhd95_m8,nHD95-M8,0.0909880465975,0.0255049513224,0.113562584425,0.0654830952751,0.743639057376,,,,,,,,
kvasir,segformer-target,test,200,200,risk_nhd,Normalized penalized Hausdorff risk,confidence_nhd95_m32,nHD95-M32,0.0951386849978,0.0255049513224,0.113562584425,0.0696337336753,0.790774532791,,,,,,,,
kvasir,segformer-target,test,200,200,risk_nhd95,Normalized penalized HD95 risk,confidence_sdc,SDC,0.0222260411717,0.0108881886482,0.0469078361344,0.0113378525234,0.314768558681,,,,,,,,
kvasir,segformer-target,test,200,200,risk_nhd95,Normalized penalized HD95 risk,confidence_mean_max_probability,Mean max probability,0.04857111015,0.0108881886482,0.0469078361344,0.0376829215018,1.04617685435,,,,,,,,
kvasir,segformer-target,test,200,200,risk_nhd95,Normalized penalized HD95 risk,confidence_negative_entropy,Negative entropy,0.0484549109765,0.0108881886482,0.0469078361344,0.0375667223283,1.04295086016,,,,,,,,
kvasir,segformer-target,test,200,200,risk_nhd95,Normalized penalized HD95 risk,confidence_dice_exact,Dice-Exact,0.0498240430233,0.0108881886482,0.0469078361344,0.038935854375,1.08096156105,,,,,,,,
kvasir,segformer-target,test,200,200,risk_nhd95,Normalized penalized HD95 risk,confidence_qfr_entropy,QFR-Entropy,0.0498942660137,0.0108881886482,0.0469078361344,0.0390060773654,1.08291113566,,,,,,,,
kvasir,segformer-target,test,200,200,risk_nhd95,Normalized penalized HD95 risk,confidence_plm10_entropy,PLM-10/PLA-10-Entropy,0.0464600275153,0.0108881886482,0.0469078361344,0.035571838867,0.987567656809,,,,,,,,
kvasir,segformer-target,test,200,200,risk_nhd95,Normalized penalized HD95 risk,confidence_mmmc_entropy,MMMC-Entropy,0.022705654596,0.0108881886482,0.0469078361344,0.0118174659478,0.328083886782,,,,,,,,
kvasir,segformer-target,test,200,200,risk_nhd95,Normalized penalized HD95 risk,confidence_foreground_entropy,Foreground entropy,0.0198519867394,0.0108881886482,0.0469078361344,0.00896379809113,0.248858573493,,,,,,,,
kvasir,segformer-target,test,200,200,risk_nhd95,Normalized penalized HD95 risk,confidence_dice_m2,Dice-M2,0.0505038740418,0.0108881886482,0.0469078361344,0.0396156853935,1.09983545532,,,,,,,,
kvasir,segformer-target,test,200,200,risk_nhd95,Normalized penalized HD95 risk,confidence_dice_m8,Dice-M8,0.0497123408897,0.0108881886482,0.0469078361344,0.0388241522415,1.0778604165,,,,,,,,
kvasir,segformer-target,test,200,200,risk_nhd95,Normalized penalized HD95 risk,confidence_dice_m32,Dice-M32,0.049567102413,0.0108881886482,0.0469078361344,0.0386789137648,1.07382821499,,,,,,,,
kvasir,segformer-target,test,200,200,risk_nhd95,Normalized penalized HD95 risk,confidence_nhd_m2,nHD-M2,0.0472842229856,0.0108881886482,0.0469078361344,0.0363960343374,1.01044948736,,,,,,,,
kvasir,segformer-target,test,200,200,risk_nhd95,Normalized penalized HD95 risk,confidence_nhd_m8,nHD-M8,0.0454367949174,0.0108881886482,0.0469078361344,0.0345486062692,0.959160032936,,,,,,,,
kvasir,segformer-target,test,200,200,risk_nhd95,Normalized penalized HD95 risk,confidence_nhd_m32,nHD-M32,0.0462031817687,0.0108881886482,0.0469078361344,0.0353149931205,0.980436944421,,,,,,,,
kvasir,segformer-target,test,200,200,risk_nhd95,Normalized penalized HD95 risk,confidence_nhd95_m2,nHD95-M2,0.046127779335,0.0108881886482,0.0469078361344,0.0352395906868,0.978343574858,,,,,,,,
kvasir,segformer-target,test,200,200,risk_nhd95,Normalized penalized HD95 risk,confidence_nhd95_m8,nHD95-M8,0.0450018165615,0.0108881886482,0.0469078361344,0.0341136279133,0.947083891544,,,,,,,,
kvasir,segformer-target,test,200,200,risk_nhd95,Normalized penalized HD95 risk,confidence_nhd95_m32,nHD95-M32,0.0455425346643,0.0108881886482,0.0469078361344,0.034654346016,0.962095645975,,,,,,,,
pet,segformer-target,test,3669,3669,risk_dice,Dice risk,confidence_sdc,SDC,0.0317785301048,0.0211968986014,0.0385639701638,0.0105816315034,0.609292790981,,,,,,,,
pet,segformer-target,test,3669,3669,risk_dice,Dice risk,confidence_mean_max_probability,Mean max probability,0.0398844731324,0.0211968986014,0.0385639701638,0.0186875745309,1.07603486655,,,,,,,,
pet,segformer-target,test,3669,3669,risk_dice,Dice risk,confidence_negative_entropy,Negative entropy,0.0388665443202,0.0211968986014,0.0385639701638,0.0176696457188,1.01742228995,,,,,,,,
pet,segformer-target,test,3669,3669,risk_dice,Dice risk,confidence_dice_exact,Dice-Exact,0.0317347703325,0.0211968986014,0.0385639701638,0.010537871731,0.606773093159,,,,,,,,
pet,segformer-target,test,3669,3669,risk_dice,Dice risk,confidence_qfr_entropy,QFR-Entropy,0.0313636117968,0.0211968986014,0.0385639701638,0.0101667131954,0.585401698778,,,,,,,,
pet,segformer-target,test,3669,3669,risk_dice,Dice risk,confidence_plm10_entropy,PLM-10/PLA-10-Entropy,0.0356205109669,0.0211968986014,0.0385639701638,0.0144236123655,0.830514938208,,,,,,,,
pet,segformer-target,test,3669,3669,risk_dice,Dice risk,confidence_mmmc_entropy,MMMC-Entropy,0.0292489131356,0.0211968986014,0.0385639701638,0.00805201453419,0.463636860438,,,,,,,,
pet,segformer-target,test,3669,3669,risk_dice,Dice risk,confidence_foreground_entropy,Foreground entropy,0.0305978059428,0.0211968986014,0.0385639701638,0.00940090734141,0.541306420466,,,,,,,,
pet,segformer-target,test,3669,3669,risk_dice,Dice risk,confidence_dice_m2,Dice-M2,0.0319813799151,0.0211968986014,0.0385639701638,0.0107844813137,0.620972930005,confidence_dice_exact,0.00563882098917,0.00521426441011,0.0103137558073,0.079280963356,0.995680648201,0.950412144785,0
pet,segformer-target,test,3669,3669,risk_dice,Dice risk,confidence_dice_m8,Dice-M8,0.0317425141372,0.0211968986014,0.0385639701638,0.0105456155358,0.607218983231,confidence_dice_exact,0.00172225331605,0.00156848428894,0.00330250400712,0.00951735655952,0.999568182875,0.98380935142,0
pet,segformer-target,test,3669,3669,risk_dice,Dice risk,confidence_dice_m32,Dice-M32,0.0317274256404,0.0211968986014,0.0385639701638,0.010530527039,0.606350184092,confidence_dice_exact,0.000558511422469,0.00049135254449,0.00115046789828,0.00347531186419,0.999917423087,0.99300128133,0
pet,segformer-target,test,3669,3669,risk_dice,Dice risk,confidence_nhd_m2,nHD-M2,0.0358137030548,0.0211968986014,0.0385639701638,0.0146168044533,0.841638983338,,,,,,,,
pet,segformer-target,test,3669,3669,risk_dice,Dice risk,confidence_nhd_m8,nHD-M8,0.0350919296668,0.0211968986014,0.0385639701638,0.0138950310654,0.800079104613,,,,,,,,
pet,segformer-target,test,3669,3669,risk_dice,Dice risk,confidence_nhd_m32,nHD-M32,0.0333321100073,0.0211968986014,0.0385639701638,0.0121352114059,0.698748281326,,,,,,,,
pet,segformer-target,test,3669,3669,risk_dice,Dice risk,confidence_nhd95_m2,nHD95-M2,0.0368926120892,0.0211968986014,0.0385639701638,0.0156957134878,0.903762815246,,,,,,,,
pet,segformer-target,test,3669,3669,risk_dice,Dice risk,confidence_nhd95_m8,nHD95-M8,0.0357428925185,0.0211968986014,0.0385639701638,0.014545993917,0.837561696269,,,,,,,,
pet,segformer-target,test,3669,3669,risk_dice,Dice risk,confidence_nhd95_m32,nHD95-M32,0.0351028514364,0.0211968986014,0.0385639701638,0.0139059528349,0.800707982632,,,,,,,,
pet,segformer-target,test,3669,3669,risk_nhd,Normalized penalized Hausdorff risk,confidence_sdc,SDC,0.0492268008583,0.0218315864925,0.0540457996145,0.0273952143658,0.850407683777,,,,,,,,
pet,segformer-target,test,3669,3669,risk_nhd,Normalized penalized Hausdorff risk,confidence_mean_max_probability,Mean max probability,0.0462495419442,0.0218315864925,0.0540457996145,0.0244179554517,0.757987021418,,,,,,,,
pet,segformer-target,test,3669,3669,risk_nhd,Normalized penalized Hausdorff risk,confidence_negative_entropy,Negative entropy,0.0451310285083,0.0218315864925,0.0540457996145,0.0232994420158,0.723265905257,,,,,,,,
pet,segformer-target,test,3669,3669,risk_nhd,Normalized penalized Hausdorff risk,confidence_dice_exact,Dice-Exact,0.0491328065512,0.0218315864925,0.0540457996145,0.0273012200587,0.847489893833,,,,,,,,
pet,segformer-target,test,3669,3669,risk_nhd,Normalized penalized Hausdorff risk,confidence_qfr_entropy,QFR-Entropy,0.0488281496639,0.0218315864925,0.0540457996145,0.0269965631714,0.838032674247,,,,,,,,
pet,segformer-target,test,3669,3669,risk_nhd,Normalized penalized Hausdorff risk,confidence_plm10_entropy,PLM-10/PLA-10-Entropy,0.0444724454277,0.0218315864925,0.0540457996145,0.0226408589352,0.702822038502,,,,,,,,
pet,segformer-target,test,3669,3669,risk_nhd,Normalized penalized Hausdorff risk,confidence_mmmc_entropy,MMMC-Entropy,0.0431082378051,0.0218315864925,0.0540457996145,0.0212766513125,0.660474034612,,,,,,,,
pet,segformer-target,test,3669,3669,risk_nhd,Normalized penalized Hausdorff risk,confidence_foreground_entropy,Foreground entropy,0.0474869277721,0.0218315864925,0.0540457996145,0.0256553412796,0.796398197976,,,,,,,,
pet,segformer-target,test,3669,3669,risk_nhd,Normalized penalized Hausdorff risk,confidence_dice_m2,Dice-M2,0.0493970555978,0.0218315864925,0.0540457996145,0.0275654691053,0.855692765206,,,,,,,,
pet,segformer-target,test,3669,3669,risk_nhd,Normalized penalized Hausdorff risk,confidence_dice_m8,Dice-M8,0.0491671383154,0.0218315864925,0.0540457996145,0.0273355518229,0.848555627275,,,,,,,,
pet,segformer-target,test,3669,3669,risk_nhd,Normalized penalized Hausdorff risk,confidence_dice_m32,Dice-M32,0.0491281510822,0.0218315864925,0.0540457996145,0.0272965645897,0.847345377839,,,,,,,,
pet,segformer-target,test,3669,3669,risk_nhd,Normalized penalized Hausdorff risk,confidence_nhd_m2,nHD-M2,0.040066493453,0.0218315864925,0.0540457996145,0.0182349069605,0.566051602485,,,,,,,,
pet,segformer-target,test,3669,3669,risk_nhd,Normalized penalized Hausdorff risk,confidence_nhd_m8,nHD-M8,0.0387012644369,0.0218315864925,0.0540457996145,0.0168696779444,0.523671892295,,,,,,,,
pet,segformer-target,test,3669,3669,risk_nhd,Normalized penalized Hausdorff risk,confidence_nhd_m32,nHD-M32,0.0380236960744,0.0218315864925,0.0540457996145,0.0161921095819,0.502638680652,,,,,,,,
pet,segformer-target,test,3669,3669,risk_nhd,Normalized penalized Hausdorff risk,confidence_nhd95_m2,nHD95-M2,0.042688779394,0.0218315864925,0.0540457996145,0.0208571929014,0.647453123329,,,,,,,,
pet,segformer-target,test,3669,3669,risk_nhd,Normalized penalized Hausdorff risk,confidence_nhd95_m8,nHD95-M8,0.0404291842606,0.0218315864925,0.0540457996145,0.0185975977681,0.577310322547,,,,,,,,
pet,segformer-target,test,3669,3669,risk_nhd,Normalized penalized Hausdorff risk,confidence_nhd95_m32,nHD95-M32,0.0399134644429,0.0218315864925,0.0540457996145,0.0180818779504,0.561301245569,,,,,,,,
pet,segformer-target,test,3669,3669,risk_nhd95,Normalized penalized HD95 risk,confidence_sdc,SDC,0.0280884463999,0.0114799103717,0.0291863562769,0.0166085360282,0.937993774535,,,,,,,,
pet,segformer-target,test,3669,3669,risk_nhd95,Normalized penalized HD95 risk,confidence_mean_max_probability,Mean max probability,0.0269156649866,0.0114799103717,0.0291863562769,0.0154357546149,0.87175905868,,,,,,,,
pet,segformer-target,test,3669,3669,risk_nhd95,Normalized penalized HD95 risk,confidence_negative_entropy,Negative entropy,0.0259836776083,0.0114799103717,0.0291863562769,0.0145037672367,0.819123573094,,,,,,,,
pet,segformer-target,test,3669,3669,risk_nhd95,Normalized penalized HD95 risk,confidence_dice_exact,Dice-Exact,0.0280276356168,0.0114799103717,0.0291863562769,0.0165477252451,0.934559387789,,,,,,,,
pet,segformer-target,test,3669,3669,risk_nhd95,Normalized penalized HD95 risk,confidence_qfr_entropy,QFR-Entropy,0.0276848464909,0.0114799103717,0.0291863562769,0.0162049361192,0.915199820785,,,,,,,,
pet,segformer-target,test,3669,3669,risk_nhd95,Normalized penalized HD95 risk,confidence_plm10_entropy,PLM-10/PLA-10-Entropy,0.0242292726041,0.0114799103717,0.0291863562769,0.0127493622324,0.720040729836,,,,,,,,
pet,segformer-target,test,3669,3669,risk_nhd95,Normalized penalized HD95 risk,confidence_mmmc_entropy,MMMC-Entropy,0.0223961318114,0.0114799103717,0.0291863562769,0.0109162214397,0.616511156341,,,,,,,,
pet,segformer-target,test,3669,3669,risk_nhd95,Normalized penalized HD95 risk,confidence_foreground_entropy,Foreground entropy,0.0266060186743,0.0114799103717,0.0291863562769,0.0151261083026,0.854271285361,,,,,,,,
pet,segformer-target,test,3669,3669,risk_nhd95,Normalized penalized HD95 risk,confidence_dice_m2,Dice-M2,0.0282036169658,0.0114799103717,0.0291863562769,0.0167237065941,0.944498217409,,,,,,,,
pet,segformer-target,test,3669,3669,risk_nhd95,Normalized penalized HD95 risk,confidence_dice_m8,Dice-M8,0.0280534441896,0.0114799103717,0.0291863562769,0.016573533818,0.936016968436,,,,,,,,
pet,segformer-target,test,3669,3669,risk_nhd95,Normalized penalized HD95 risk,confidence_dice_m32,Dice-M32,0.0280279031633,0.0114799103717,0.0291863562769,0.0165479927917,0.934574497913,,,,,,,,
pet,segformer-target,test,3669,3669,risk_nhd95,Normalized penalized HD95 risk,confidence_nhd_m2,nHD-M2,0.0232893396091,0.0114799103717,0.0291863562769,0.0118094292375,0.666956502773,,,,,,,,
pet,segformer-target,test,3669,3669,risk_nhd95,Normalized penalized HD95 risk,confidence_nhd_m8,nHD-M8,0.0229208214828,0.0114799103717,0.0291863562769,0.0114409111112,0.646143849105,,,,,,,,
pet,segformer-target,test,3669,3669,risk_nhd95,Normalized penalized HD95 risk,confidence_nhd_m32,nHD-M32,0.022176825191,0.0114799103717,0.0291863562769,0.0106969148193,0.604125462366,,,,,,,,
pet,segformer-target,test,3669,3669,risk_nhd95,Normalized penalized HD95 risk,confidence_nhd95_m2,nHD95-M2,0.0234544013783,0.0114799103717,0.0291863562769,0.0119744910066,0.676278631563,,,,,,,,
pet,segformer-target,test,3669,3669,risk_nhd95,Normalized penalized HD95 risk,confidence_nhd95_m8,nHD95-M8,0.0223041684835,0.0114799103717,0.0291863562769,0.0108242581118,0.611317379545,,,,,,,,
pet,segformer-target,test,3669,3669,risk_nhd95,Normalized penalized HD95 risk,confidence_nhd95_m32,nHD95-M32,0.0218463554562,0.0114799103717,0.0291863562769,0.0103664450845,0.58546165278,,,,,,,,
tn3k,segformer-target,test,614,614,risk_dice,Dice risk,confidence_sdc,SDC,0.0739816765938,0.0600908826856,0.157755838998,0.0138907939082,0.142229049525,,,,,,,,
tn3k,segformer-target,test,614,614,risk_dice,Dice risk,confidence_mean_max_probability,Mean max probability,0.171704446737,0.0600908826856,0.157755838998,0.111613564051,1.14282101038,,,,,,,,
tn3k,segformer-target,test,614,614,risk_dice,Dice risk,confidence_negative_entropy,Negative entropy,0.156673252304,0.0600908826856,0.157755838998,0.0965823696185,0.988915300487,,,,,,,,
tn3k,segformer-target,test,614,614,risk_dice,Dice risk,confidence_dice_exact,Dice-Exact,0.0762387022377,0.0600908826856,0.157755838998,0.0161478195521,0.165338931812,,,,,,,,
tn3k,segformer-target,test,614,614,risk_dice,Dice risk,confidence_qfr_entropy,QFR-Entropy,0.0784296736604,0.0600908826856,0.157755838998,0.0183387909748,0.18777247917,,,,,,,,
tn3k,segformer-target,test,614,614,risk_dice,Dice risk,confidence_plm10_entropy,PLM-10/PLA-10-Entropy,0.1511143905,0.0600908826856,0.157755838998,0.0910235078145,0.931997629975,,,,,,,,
tn3k,segformer-target,test,614,614,risk_dice,Dice risk,confidence_mmmc_entropy,MMMC-Entropy,0.13379344085,0.0600908826856,0.157755838998,0.0737025581647,0.754646916844,,,,,,,,
tn3k,segformer-target,test,614,614,risk_dice,Dice risk,confidence_foreground_entropy,Foreground entropy,0.0744102190338,0.0600908826856,0.157755838998,0.0143193363482,0.146616932919,,,,,,,,
tn3k,segformer-target,test,614,614,risk_dice,Dice risk,confidence_dice_m2,Dice-M2,0.109828442197,0.0600908826856,0.157755838998,0.0497375595115,0.509267206884,confidence_dice_exact,0.0257547894877,0.0185810808369,0.0658026260865,0.23137447238,0.978005396439,0.920726944698,0
tn3k,segformer-target,test,614,614,risk_dice,Dice risk,confidence_dice_m8,Dice-M8,0.0753303544121,0.0600908826856,0.157755838998,0.0152394717265,0.156038279255,confidence_dice_exact,0.00693320532969,0.00552226680528,0.0149564875126,0.0591804683208,0.998135301039,0.976855529893,0
tn3k,segformer-target,test,614,614,risk_dice,Dice risk,confidence_dice_m32,Dice-M32,0.0760449255696,0.0600908826856,0.157755838998,0.015954042884,0.163354835618,confidence_dice_exact,0.00173715210439,0.00143684784962,0.00354043632886,0.0126244723797,0.999786270577,0.992656318969,0
tn3k,segformer-target,test,614,614,risk_dice,Dice risk,confidence_nhd_m2,nHD-M2,0.138341096486,0.0600908826856,0.157755838998,0.0782502138007,0.801210759267,,,,,,,,
tn3k,segformer-target,test,614,614,risk_dice,Dice risk,confidence_nhd_m8,nHD-M8,0.0976990056918,0.0600908826856,0.157755838998,0.0376081230062,0.385072849323,,,,,,,,
tn3k,segformer-target,test,614,614,risk_dice,Dice risk,confidence_nhd_m32,nHD-M32,0.0943816479301,0.0600908826856,0.157755838998,0.0342907652444,0.351106134065,,,,,,,,
tn3k,segformer-target,test,614,614,risk_dice,Dice risk,confidence_nhd95_m2,nHD95-M2,0.134484017625,0.0600908826856,0.157755838998,0.0743931349397,0.761717792633,,,,,,,,
tn3k,segformer-target,test,614,614,risk_dice,Dice risk,confidence_nhd95_m8,nHD95-M8,0.0948382901295,0.0600908826856,0.157755838998,0.0347474074439,0.355781733346,,,,,,,,
tn3k,segformer-target,test,614,614,risk_dice,Dice risk,confidence_nhd95_m32,nHD95-M32,0.091104017815,0.0600908826856,0.157755838998,0.0310131351294,0.317546193644,,,,,,,,
tn3k,segformer-target,test,614,614,risk_nhd,Normalized penalized Hausdorff risk,confidence_sdc,SDC,0.040613412487,0.0194750661605,0.0687279782998,0.0211383463265,0.429179624278,,,,,,,,
tn3k,segformer-target,test,614,614,risk_nhd,Normalized penalized Hausdorff risk,confidence_mean_max_probability,Mean max probability,0.0728698540901,0.0194750661605,0.0687279782998,0.0533947879296,1.08409402836,,,,,,,,
tn3k,segformer-target,test,614,614,risk_nhd,Normalized penalized Hausdorff risk,confidence_negative_entropy,Negative entropy,0.0581641928789,0.0194750661605,0.0687279782998,0.0386891267184,0.785519577178,,,,,,,,
tn3k,segformer-target,test,614,614,risk_nhd,Normalized penalized Hausdorff risk,confidence_dice_exact,Dice-Exact,0.0434612817457,0.0194750661605,0.0687279782998,0.0239862155852,0.487000961839,,,,,,,,
tn3k,segformer-target,test,614,614,risk_nhd,Normalized penalized Hausdorff risk,confidence_qfr_entropy,QFR-Entropy,0.0457695402175,0.0194750661605,0.0687279782998,0.026294474057,0.53386638302,,,,,,,,
tn3k,segformer-target,test,614,614,risk_nhd,Normalized penalized Hausdorff risk,confidence_plm10_entropy,PLM-10/PLA-10-Entropy,0.0780556148533,0.0194750661605,0.0687279782998,0.0585805486929,1.18938243747,,,,,,,,
tn3k,segformer-target,test,614,614,risk_nhd,Normalized penalized Hausdorff risk,confidence_mmmc_entropy,MMMC-Entropy,0.0494925191419,0.0194750661605,0.0687279782998,0.0300174529814,0.60945539416,,,,,,,,
tn3k,segformer-target,test,614,614,risk_nhd,Normalized penalized Hausdorff risk,confidence_foreground_entropy,Foreground entropy,0.041425335096,0.0194750661605,0.0687279782998,0.0219502689356,0.445664387793,,,,,,,,
tn3k,segformer-target,test,614,614,risk_nhd,Normalized penalized Hausdorff risk,confidence_dice_m2,Dice-M2,0.0769300669983,0.0194750661605,0.0687279782998,0.0574550008378,1.16653002518,,,,,,,,
tn3k,segformer-target,test,614,614,risk_nhd,Normalized penalized Hausdorff risk,confidence_dice_m8,Dice-M8,0.0422013207573,0.0194750661605,0.0687279782998,0.0227262545968,0.461419510232,,,,,,,,
tn3k,segformer-target,test,614,614,risk_nhd,Normalized penalized Hausdorff risk,confidence_dice_m32,Dice-M32,0.0431641406717,0.0194750661605,0.0687279782998,0.0236890745112,0.480967997268,,,,,,,,
tn3k,segformer-target,test,614,614,risk_nhd,Normalized penalized Hausdorff risk,confidence_nhd_m2,nHD-M2,0.0676369574151,0.0194750661605,0.0687279782998,0.0481618912546,0.977848601489,,,,,,,,
tn3k,segformer-target,test,614,614,risk_nhd,Normalized penalized Hausdorff risk,confidence_nhd_m8,nHD-M8,0.0302346123322,0.0194750661605,0.0687279782998,0.0107595461717,0.218455025386,,,,,,,,
tn3k,segformer-target,test,614,614,risk_nhd,Normalized penalized Hausdorff risk,confidence_nhd_m32,nHD-M32,0.0306592935647,0.0194750661605,0.0687279782998,0.0111842274042,0.227077484729,,,,,,,,
tn3k,segformer-target,test,614,614,risk_nhd,Normalized penalized Hausdorff risk,confidence_nhd95_m2,nHD95-M2,0.0676419645639,0.0194750661605,0.0687279782998,0.0481668984034,0.977950263472,,,,,,,,
tn3k,segformer-target,test,614,614,risk_nhd,Normalized penalized Hausdorff risk,confidence_nhd95_m8,nHD95-M8,0.0305393177562,0.0194750661605,0.0687279782998,0.0110642515957,0.224641571739,,,,,,,,
tn3k,segformer-target,test,614,614,risk_nhd,Normalized penalized Hausdorff risk,confidence_nhd95_m32,nHD95-M32,0.0307813166622,0.0194750661605,0.0687279782998,0.0113062505018,0.229554964583,,,,,,,,
tn3k,segformer-target,test,614,614,risk_nhd95,Normalized penalized HD95 risk,confidence_sdc,SDC,0.0324858828856,0.0155893338084,0.0604792363421,0.0168965490772,0.376399771964,,,,,,,,
tn3k,segformer-target,test,614,614,risk_nhd95,Normalized penalized HD95 risk,confidence_mean_max_probability,Mean max probability,0.0687780357798,0.0155893338084,0.0604792363421,0.0531887019714,1.18487007031,,,,,,,,
tn3k,segformer-target,test,614,614,risk_nhd95,Normalized penalized HD95 risk,confidence_negative_entropy,Negative entropy,0.0540030495633,0.0155893338084,0.0604792363421,0.0384137157548,0.855731770101,,,,,,,,
tn3k,segformer-target,test,614,614,risk_nhd95,Normalized penalized HD95 risk,confidence_dice_exact,Dice-Exact,0.035482895777,0.0155893338084,0.0604792363421,0.0198935619686,0.443163403032,,,,,,,,
tn3k,segformer-target,test,614,614,risk_nhd95,Normalized penalized HD95 risk,confidence_qfr_entropy,QFR-Entropy,0.0377956240508,0.0155893338084,0.0604792363421,0.0222062902424,0.494683414063,,,,,,,,
tn3k,segformer-target,test,614,614,risk_nhd95,Normalized penalized HD95 risk,confidence_plm10_entropy,PLM-10/PLA-10-Entropy,0.073708103316,0.0155893338084,0.0604792363421,0.0581187695076,1.29469582751,,,,,,,,
tn3k,segformer-target,test,614,614,risk_nhd95,Normalized penalized HD95 risk,confidence_mmmc_entropy,MMMC-Entropy,0.0429425465536,0.0155893338084,0.0604792363421,0.0273532127452,0.609339989648,,,,,,,,
tn3k,segformer-target,test,614,614,risk_nhd95,Normalized penalized HD95 risk,confidence_foreground_entropy,Foreground entropy,0.0333080899698,0.0155893338084,0.0604792363421,0.0177187561614,0.394715852816,,,,,,,,
tn3k,segformer-target,test,614,614,risk_nhd95,Normalized penalized HD95 risk,confidence_dice_m2,Dice-M2,0.0693784240964,0.0155893338084,0.0604792363421,0.053789090288,1.19824475555,,,,,,,,
tn3k,segformer-target,test,614,614,risk_nhd95,Normalized penalized HD95 risk,confidence_dice_m8,Dice-M8,0.0342836803018,0.0155893338084,0.0604792363421,0.0186943464934,0.416448810049,,,,,,,,
tn3k,segformer-target,test,614,614,risk_nhd95,Normalized penalized HD95 risk,confidence_dice_m32,Dice-M32,0.0351978974799,0.0155893338084,0.0604792363421,0.0196085636715,0.43681457443,,,,,,,,
tn3k,segformer-target,test,614,614,risk_nhd95,Normalized penalized HD95 risk,confidence_nhd_m2,nHD-M2,0.0634532032339,0.0155893338084,0.0604792363421,0.0478638694255,1.06625024168,,,,,,,,
tn3k,segformer-target,test,614,614,risk_nhd95,Normalized penalized HD95 risk,confidence_nhd_m8,nHD-M8,0.0256897657524,0.0155893338084,0.0604792363421,0.010100431944,0.225004541643,,,,,,,,
tn3k,segformer-target,test,614,614,risk_nhd95,Normalized penalized HD95 risk,confidence_nhd_m32,nHD-M32,0.0259040779746,0.0155893338084,0.0604792363421,0.0103147441662,0.229778716014,,,,,,,,
tn3k,segformer-target,test,614,614,risk_nhd95,Normalized penalized HD95 risk,confidence_nhd95_m2,nHD95-M2,0.0631835631849,0.0155893338084,0.0604792363421,0.0475942293765,1.06024354454,,,,,,,,
tn3k,segformer-target,test,614,614,risk_nhd95,Normalized penalized HD95 risk,confidence_nhd95_m8,nHD95-M8,0.0256672964022,0.0155893338084,0.0604792363421,0.0100779625938,0.224503998114,,,,,,,,
tn3k,segformer-target,test,614,614,risk_nhd95,Normalized penalized HD95 risk,confidence_nhd95_m32,nHD95-M32,0.0256463009352,0.0155893338084,0.0604792363421,0.0100569671268,0.224036287876,,,,,,,,
